0066dae9-a003-4824-8a72-d3ed80e07d92,2
03fcb692-3efa-442c-9518-16a01c25c552,2
04faba3d-5390-472d-9388-1ae7f7bea00f,1
0539471e-f7c2-4b7c-b74b-60d4a781312f,1
0565d06b-3b68-4abb-94ec-05066a95ec62,2
087e1fbc-6a47-4f75-85db-d7ae48f111c1,2
0969a437-51e4-4025-bd0d-d9d05cf7cffe,1
099a8bf4-646d-4b4c-b8fa-0725f5927d75,1
0a6df215-1210-4b72-9c67-41ffbe3de85e,2
0addf55a-ad8e-4640-a002-edd8db4393f5,1
0b829ae1-5d15-4d2e-a334-90b1aeadb5a4,1
0d2bb783-7759-43fd-9f1b-e981dffddc3a,2
0d3de872-68ab-474b-9208-47104b9f865a,2
0d6c40fa-c406-41cd-b797-8e40e9690e48,2
0d83d9ff-c1fb-4590-8e5e-36f5944cf49a,2
0dd0af4a-3979-4326-bd0f-c9d1737c7e99,1
0dfc4826-0f9e-4511-8ba3-afa57bdaeb5a,2
0e420604-3931-40ed-9540-03bac3c52855,1
0e5ee714-058d-4b8c-b86c-bdf05d2b7efb,2
0fc01748-8815-4ff0-9ef0-ea5502e560d8,2
100d8cba-ccfd-4558-b3e4-346cbc7fca5c,1
103b47c8-066b-47df-8f68-6d4c4edc3b0e,2
1085a82f-19b2-4931-bfda-da76f2b231bb,1
10a55461-d03c-41d1-8e7a-0d755b2bfa63,2
119c6da8-5cc7-471c-8c4c-ac475242eed7,2
11aef931-9e2a-4681-ba91-0a42668cbc5c,2
11ffa3a9-b6c7-47b9-aa5c-5cb3cce5b110,2
1209e176-7556-481d-b6fa-dac309799d60,2
12cdb51f-65d8-436f-b7aa-3e39e55b828c,2
1309a3ec-f760-4c63-923b-6dce41425a68,2
13289323-e74b-4d18-9e50-e30ef51156db,2
139a327e-fa2d-44eb-a6a4-92944bb65645,1
13e1e00f-6cd6-40aa-b924-761548201b19,2
14094787-bbd3-4bb7-890b-7af04c8598e2,2
14546aa5-8dc0-42ea-876e-4ed9e327ae45,3
14ac4704-94af-4339-aa9f-21a4708773e0,1
15042877-7aba-4cee-9149-aa21631f2067,1
151477dd-687d-4e46-b1ff-fdf7f4dafb8a,1
152cf2e4-8157-452f-8445-8fa1a0fd5734,1
1707aa5e-7ff1-4d70-b086-88addcb26ec7,2
17108f38-41bf-4da7-aa52-8c3cd981be5d,1
1877650d-1449-4f45-93fd-5e5061d36a62,2
188ce01e-305f-4f17-b6a5-b4e36c492963,1
18b2cbf3-8cd7-4bbd-b5a4-e3a2a92dfe6d,2
19638acc-1477-46b5-84bc-df6c770076a1,2
1aaad693-8b33-483d-bd25-4e13f6cf2f52,2
1b85bb0f-2936-4821-bd18-381f2ca435c6,1
1c255b2f-9439-46da-bb37-783094e5ce33,2
1cfe5192-0eb7-4acf-b0f4-4fc5ad33fb37,2
1e76f15e-abfb-4a50-8780-4fcadc9b6431,1
1e93ec7e-7739-4c1d-9033-ffe9c541e38d,1
1edf13c2-41d4-45a6-b5c4-a056a2604e8b,1
202c0b54-f28d-41d0-8df5-2aa1b21d2a0f,1
202ea568-69d9-45ed-b89d-00b130c2029e,2
204b9170-57a1-4a91-8e3f-dbbd7ec138e0,2
22a190c4-46ae-469a-a176-26c9f351575d,1
230ac287-e4a8-47e9-a033-36d38fa01e98,2
2367a01a-cf10-4330-9e18-4b7e0a847b09,2
257aeac4-ab25-444a-be36-9b851828174c,1
25de8d43-829f-4449-a0b3-f74f49b4a2ab,2
2623fc8c-df84-40af-95c8-5f806ec3b24c,2
2629c5d8-fc85-4692-abcc-ac2a0197093f,2
266bad65-0804-4e0b-b265-ccac15d4bf73,2
26b6ea5b-58fb-4e5f-bafb-942ca728910a,2
270ee4bc-3fa9-4e3e-842c-3332c0a808fc,2
275f5c3b-d6cd-404c-ad7b-ee726987c8ee,2
27c8dac4-4a87-4ca5-a917-818ec3c5ef5b,2
28c96a9b-12c6-43bc-a688-8c8346d98f44,1
28d019c3-a970-442e-ba79-b106f2bee838,1
2930bd77-9454-436f-925a-eaf8884d4c18,1
2a01a445-2061-4b28-b1d5-c58d75b38650,3
2a19cc4b-f06b-4f1e-b6ac-4d55c23bd74d,1
2b214e03-b508-48b8-a5ef-8f0b0f0251e4,2
2cd2f36a-4555-4094-ab99-d47bede5d116,2
2da4bdf5-49f2-4cf2-a088-d44ef9cfe562,1
2e749fb0-7589-4724-98fe-226be4ba1494,2
2e943aaf-48b1-4c15-ba4e-257e16de42a9,2
2ef20125-8431-4afa-91a0-cf468f9a3a51,2
30770a1f-1ffd-4f13-8f23-fcb9cf99c3c2,1
3078e41a-5b5d-49b0-9a96-79443fca5acc,2
30fdb60e-2b09-4b0a-9510-2de7e65dd82c,2
31373b30-ed82-435c-bc23-159356fb1d09,2
344db825-8bdd-48f4-aff8-fbeb4d6d38bd,2
344efe41-0d21-477c-828a-df352835114d,2
352e7f5b-b06c-4d91-a0b2-4f565c6a0ddd,1
3619cdf7-7fcd-41d6-b80b-4e9efdca6307,2
364c0086-0b5e-4cc5-b04d-d0e5d8cec103,2
3675837d-0eb3-4ad7-b57e-b0af57067c86,2
3677277e-0c6b-49fd-8abb-cd8559ce2130,1
36902858-e452-46e4-ab82-9aa6f9097157,2
371b3fd3-aeb3-42a7-8747-32dca93bc821,2
378aa26e-6137-4a37-87d0-744dc4e2d961,2
390c55d5-20d4-461d-a400-93e1e5662826,2
397a9bf6-2db0-4a27-910d-c846ae13a8cc,2
39c3280c-ab30-4ca5-822c-e7ee2004b116,3
3ac27bcd-21a2-4d15-9846-bedda60692f2,1
3df749d7-e8c9-4d46-90b1-14c2f1d22ba8,1
3e31dc29-6d3e-4891-8fed-4dd51061d2c2,3
3e9afa03-52ee-4eb7-8f28-c8c4db80ed68,2
3f0af519-4026-484e-b1b3-6c159fbe6435,1
41b6e46a-be47-41b7-8b38-e92c6c92d7e5,2
42160ca7-2227-4e8e-ad5d-1d964c31ab1a,1
4268aa5c-5640-4866-aae6-d3c4812a485d,2
426cae8a-b438-4100-8cfd-8b23470391d0,2
43626a89-4eb8-4a3b-a7d5-c400960adc88,2
4363c01c-ec1a-436f-8d20-f492bc43d971,2
439399e9-bfa9-4c8a-a404-b724b0d23e15,1
443525c1-14e3-4800-b8d8-6c2ed0493315,2
449563b7-57e8-40fd-a28e-71a0444c03af,3
44bca47b-c6f2-49fe-8ffd-4d1660793d06,1
44fd4cb6-b8f6-497f-acff-97677883b1f2,1
45541c4d-39d9-4242-b249-d7a16b420b54,3
46c3eec4-34fb-442c-9502-a4fd5f8904c2,1
472b010c-5c5d-4741-9acd-eaf8c7e51227,2
49021490-deae-4c48-b7af-68555e558224,2
490d19c6-147b-4f35-a3d1-099c3bf345de,2
4951276e-a5dd-4cc1-96a0-d190fb8d1c2b,2
49b50457-e557-41af-9b31-48682503fc3f,1
49c365a0-e341-4633-ae80-ae1081774dca,2
4b49b7cd-2d58-4298-9868-fb9d23abfbb8,2
4bff0668-6103-4608-8f3a-fd5bbbfad193,2
4c010a7e-fa49-4ad7-8848-7832ae758ac2,2
4ca5de05-18e0-4cb1-8680-fd5c4bc9b8b6,1
4ccaaad8-0d5d-4f12-b4f5-d4c7cafec76b,1
4cf46e42-5ac1-4770-8078-27084e21e293,1
4d8de656-5385-4833-a94c-51c465e3dcf1,3
4f524f0f-1dc2-4dfb-bba7-1daff40dc161,3
4f864f87-9765-423e-856f-d0bbeb523dac,1
504bb9f8-1417-4e4e-bfac-7987c8dd6bb0,2
51801e2a-e264-4c1d-b53a-ddf32ab21aa5,1
51dcb577-ecd0-411b-ac34-5862553eeaa0,1
528a7561-467a-496e-9e73-e4db95601967,2
5396e64b-7550-4cd1-b997-3d7a67f0703d,2
54b22cde-23dd-4fb3-813e-7906be28fd45,1
5605d62e-2824-4b7b-931a-7bf87d414de0,1
5653d8fd-ab4b-473d-af8d-081564c4acf9,1
56f18ef3-c460-492a-aa9e-049041e13974,1
570150cd-f17e-4749-9ca5-6a6979f5bd04,2
5766e124-7de0-45b3-a742-424ade7380ae,3
57b35982-2948-46c1-b45b-04610f8bbfc2,2
5816ea40-1068-4b33-bdc9-f84adc76f1cf,1
58ebe272-e2e7-4fe2-9c4d-c4da794a71f9,3
596ce94d-98df-462c-a8a5-2017b77e9541,1
5a2aea3c-269e-4b71-aa34-fc6af35ce303,1
5ae81c72-6155-4ae3-bf86-d19a02bb923e,2
5b489389-4624-45d7-b251-ea6469f6a032,2
5bc2d620-b7dc-4453-8c12-ca559d6af481,1
5cf0e46e-3ac3-42c7-a48c-75e8dbb3be1d,2
5d101494-049d-457a-a739-56c15c3a7099,1
5d10860e-cd0e-4896-9607-d793c4b12366,3
5d12147c-bed2-4ade-ad45-ef947433abd0,2
5d917923-69fc-453c-a020-ef1228a8e7db,2
5da17032-60a9-4fb1-8f93-4baf8ca18cd5,2
5df2b198-8409-4d97-8a39-aa4b4e5ed94b,2
5e2dbe68-9691-4d51-b27a-44261a93af09,2
5e50d7e8-e969-4827-b34a-65d9a647b32a,2
5e904198-a09c-4ea0-a53a-41895d911e1e,2
5ee6d0c9-749c-40aa-b552-a36ada782fd2,2
5f035e41-b83e-47e2-a74c-af9da9242b22,1
5f0565cd-27a9-4b9d-ac5d-9f8af5ed2e7e,2
5f5f400d-9362-432b-b658-e5c64d0a3edf,2
603b0afe-0e08-4d6b-bfaa-ee30c57cb7e2,2
605026a4-5979-4ca6-8e10-297e17e14918,2
6146a92c-f544-4096-a5eb-2e5989f46ccd,2
617dc8f1-ccdc-469c-b290-aac0fbbe8a41,2
61abe3c8-ba13-454a-896b-4331a493ea40,2
623dfee5-1606-4a05-850d-9b1a76f17f5e,2
6265c95a-2688-4d6d-a296-b8b9cd851c37,2
62fe22d3-947f-4a69-b97a-22b35b793dd9,2
649f4d85-422b-4784-b25a-41148679bbfc,1
64e42e33-b571-47f0-88a1-96b88775592d,1
652d1a3f-47cd-4102-8745-3f12024558c2,1
675724ca-8d5f-466a-bcec-f25d164cff3b,2
67e74828-a079-4917-b81b-d56579a5ff4a,2
683ce575-1f28-4725-a351-673566f30c63,2
686d4c43-f8fa-475c-9243-4bf1b5fed001,1
6a578225-a467-40be-ac7d-0863233273b5,2
6ac4a410-9dc7-48f5-abb8-ef66323387e7,2
6b335f2d-e6bd-41ad-8aca-67a88f2eaed8,1
6b8c57b8-7529-4b02-8438-22a70aaad713,2
6c374e9d-de36-4432-9e38-497adabd2abc,2
6c4fee63-7867-4d4c-a815-40752739974a,2
6c9a68a7-dcdf-4af6-8c26-b4a844c19aa8,1
6d1040a5-60e1-4a75-94ae-2ee9d658a048,2
6d901002-89a6-426b-9cc0-95c0cc3982ea,2
6da36778-b2aa-4d13-afa8-a1a5fae0b14d,2
6e56679b-5fd1-455b-8545-55c5f7b4fb9f,1
6e5e07f5-5005-4f08-9cbb-11f7dffc1527,2
6f8d791b-cfed-44c6-9e1b-9141f9725e9a,2
6fa3c26b-8db4-46a2-912e-fee9731717ea,1
6fc66f87-5980-4da0-832f-2aac147b765f,2
702a4d75-70aa-4237-953e-10139f892446,2
7031cddb-c2ff-4e61-83d9-652dc4517730,3
7071f560-2314-4a09-85c8-0052d99a77cf,2
70e831dd-4482-4a4a-a0e1-0fccc2d92d36,3
71657d09-e5a1-47a3-9b24-2df421e6040f,2
7174e418-c818-4721-8499-2b17f7effdbd,2
72c726f0-9ce3-4a49-af68-b99d608565db,1
73249ecf-f5fa-483a-bf2a-4025480a3fa8,1
73554d5e-9a63-48b4-b0cd-f63608646037,1
73fb7af1-e413-4730-bcff-31d3a3170b26,1
7458573d-c310-401c-8b14-8bbc7efb5c17,2
754f6ca0-8b4a-43aa-bf9b-6d78ec3ae68d,2
7586730d-280b-4757-b05b-40532056a766,1
759075dd-558f-484a-a0d2-6c6f9ea5342c,2
761e02f5-6b83-4ce7-a859-35108d325fa6,2
76b6fb1f-9494-4507-bf95-3b4b1479e253,2
77003af5-fe5e-4700-b9ad-f38c9b6a35de,2
7747b703-060f-42ec-9708-e10b39316a4d,1
7778d480-bcd2-418c-86bd-35bdc944ccba,1
77adc950-ac0a-4bec-813b-af45b13a28a3,2
77c07aea-a3a8-4662-9778-52814e9a0c38,2
781928de-9e59-419b-bf79-9a5f69015dff,1
78e3af22-be4d-4191-bdd2-42a87366f8e9,2
7932e102-7e57-454a-a035-effc4080014a,1
79b9f65b-deb8-4882-b11f-4975969adc90,1
7aae9ebc-a8f8-43e7-8cda-445376fedb27,2
7b31bee3-c11e-4ac7-97c2-5254a6abb355,2
7b63b58a-693f-46b4-a95e-83e9a0574e5b,1
7b7c8c37-3e04-4c05-b24b-4bc3f7deef4a,1
7c10b2c0-9a5b-45c7-b736-378c0113aba3,1
7ca3d768-d8f5-4562-bed5-01032e83e91a,2
7e3648bc-6d9f-4c3b-a6a6-39ed13875517,2
7e45530c-3984-4933-bb3f-e9cf17fa87a8,2
7f1238de-36ef-427f-a7f4-137b970a0847,2
80ccbc9a-38da-475d-bb47-d837436f6d77,2
81c42c0d-7947-48af-b104-b935f3992ea5,2
81e76af8-adc4-4e72-986b-db9b5a8215b5,2
828db354-c73c-487e-94f3-f217e2779b97,3
82e3a58c-2ec0-43ff-a2eb-8a4113e91689,1
833953b8-594a-448e-a280-f11e53b1cf06,2
8364258e-b9ab-4317-a4d1-eb3f191c4d03,2
83a16c55-497e-49b0-a4cc-af23a5255ce0,1
83bde932-ff3d-475c-84d2-503922159a7e,3
83d85cb0-d9b8-4553-9851-e480359c6770,1
842588ef-cd8a-42dc-a9cd-c2134d7c2fee,2
846e9465-848b-43da-8246-f0d0360b30b2,1
84e49b60-bab5-480a-817b-e50dbe87b6e5,2
85cc89b9-6522-48de-8063-ffd4caec04ec,2
85e7365a-8642-40e3-ac3f-1ae56f6397b3,1
868a59dc-bde7-4808-b1af-b9ea6a14e8e4,2
86986ce6-b08e-4d32-ba32-d66809e06a56,2
8769b308-af6b-4e35-93d6-8c6201d50eae,1
899dbcba-a34d-4543-ae96-c2ee4e9c77cd,2
89a8eb94-c860-4d79-8337-574ed4cffc29,2
89e2872f-a996-44fe-b126-28c776f0ce6f,3
8a9f3c19-bc52-40ca-8c29-c0d5a65a170e,1
8ad30d2a-413d-4e1b-948d-01783758ff2c,2
8ad5eb70-a42d-409c-bc2e-44146bfb0beb,2
8b6ceb33-9efe-474e-8f78-2d80609904e6,2
8c09854a-8183-40ed-994f-76b2a5003ca2,2
8cd9b050-4eff-4088-b020-7cff02b81ddb,2
8d3ed4e6-14b8-40a4-8827-be60b6cf3ccc,2
8d49a93c-36e4-4e27-970a-3b74fa9a9d86,2
8e107346-7b0f-4a0d-aeea-c59f95911a6b,5
8e170e23-2db2-4a04-aab4-309c9e0f62fc,1
8eaf0af3-396f-475e-a4fb-5aee29576e56,2
8f91ad2e-4df5-43d6-bd67-18fe157d3336,2
910e1ca5-02e4-4c46-8504-ec4d53e0bdd7,1
91ac810f-9f1f-4c7e-a201-502f5dd18074,2
9262a1c6-7d37-4291-9a2b-1a4de015c59f,2
958eada7-7897-47b0-a25a-7097734140ae,1
961f83a0-2ad5-42ad-b1ae-83e6edc61664,2
969f0cd3-9c2c-4eb4-a0b3-1979423ccf96,3
975da78c-a649-4103-96ee-dbfc085c5109,1
97ae16b7-ea56-4d5d-b1c6-ef921c181dae,2
98654716-2f96-4291-afda-51de410d5856,2
9896da67-115b-46ef-9b0a-1c105e1b12d3,2
98b6bde9-d447-4daa-9dd2-f3aaa0ab1309,1
99d34ae4-dd06-4959-b76d-8c1607df8b73,2
99deec28-7234-49f2-aa9b-8662b31c4d89,3
9a4059b1-1f57-4210-866e-bfc416c98652,2
9c6a4b68-de18-48a1-8f49-de1880dd652a,2
9c980fd0-75c2-4429-a1b5-0aeba2c73f97,1
9cfdf299-ba4f-4d14-a0d9-be635580e125,2
9d0ad00d-82dc-4e5c-84ff-2b5da65d983e,2
9d31d09b-8094-4c00-b6c0-1066caece304,2
9d6dc8ee-25d3-4992-b346-a7debfc67d65,2
9eb8b1e7-3823-45dd-ac55-30b6edbb0aa4,2
9eee455d-db49-486c-a14d-32ec6628e8dd,1
9fab34f9-19ae-41e9-bf41-4c58bdc6ae23,1
a121f38c-0792-4e9c-afab-e94e9e7718a0,1
a2691f20-969a-4d38-a760-f2b2202a3b1b,2
a2c6b754-7c24-4d0b-8a52-322fddd65088,1
a389c0b5-142b-4ebf-b687-212a7438ffcb,2
a46c3248-032d-45fc-8d3d-54c2fcc8424a,2
a58ef4ef-fe36-4749-9a9f-c7c707723e21,1
a5ac32e4-5471-4626-a237-b28be2f0625a,2
a5c65f1d-ba81-4015-8d2c-138cffb2b325,1
a5c83512-bc4b-4d96-aa2e-e6efe7b03d6b,2
a7841cb8-3017-4374-94fb-bbe01185555d,2
a829de91-85ba-46e4-90c0-7c71b2749037,1
a85741b2-bd25-4791-b811-78389f2480fb,2
a9018b6c-7f65-4975-8a14-fb05efefe27a,2
a9041e3e-183a-4ec3-bbfe-5879ed018857,2
a92d519b-f4f7-40e9-a20a-56a684ab605a,2
a9f90c1b-39ce-4060-9faf-482050d61a56,1
aa94901d-033d-4e43-9a25-335ce11ded26,2
aadea877-14b1-49ba-837f-3207fac7fde6,2
aaf20e2d-c6ed-4938-bf7d-dead2623c568,2
ab3b89fc-b446-46b8-a499-5a024b97f377,2
abdfb253-9312-4f20-a7b1-21b88ff17011,2
ae4ec5d6-6d1d-4962-807a-0d36523c7430,2
ae74404e-b7e8-4afd-9dca-87839012f3c8,2
aead51cd-8385-4cd6-b61d-a199a621135b,2
b13fd688-1ed8-4d06-b9db-565d5d2ddf2c,2
b143e6ac-6162-4dd2-be20-10cdd38960e8,2
b2643f73-cd53-44ab-bf00-078444b2ad05,2
b2e16847-e2d7-4a26-9a5a-dbb93b8e69a0,1
b45cde3f-f350-4877-b0ae-056db288a4b1,1
b4b47da6-6ba1-4be0-8ed2-571f7da935f6,2
b66261a3-f213-4a60-ad55-384ed7e92916,2
b6b5d5e5-17b9-4f17-85c4-f2e613d043a5,2
b6f6d7fb-70fb-42bf-ba47-82c4917bb94a,2
b88a00ae-2688-4e75-a293-37536c7c58f5,2
b96d5f38-563c-4c29-98e0-62637d6f6882,2
ba5fc5ab-0967-4c77-af1f-225c0b05a43d,2
bbeed927-eccc-4c99-ad3c-318533836d89,2
bc1a979b-f959-45c6-bf6c-f314cd6ec72b,2
bc5daeda-5bc2-4488-a19b-bc2ac98bd357,1
bd52f74c-3616-4975-967c-541cd9d33fed,1
be065dbb-2d68-402d-925f-73834a52accc,2
be107934-6fa8-489f-a94a-2d8cb5e6d0ff,1
be4cce2e-966d-44dc-8ab4-e0c8a9abf979,1
bf654a1f-a0df-43bc-b738-15829eb285fb,1
bf68e127-c0f4-4809-88e7-0d0f23f9b148,1
bf8a1c26-1829-4751-a7f1-89093f7ec063,2
c073206a-462a-46af-8949-391e5f4d6316,2
c0f58d2d-1746-47a0-8485-1fd9ef7b0366,2
c0fee960-6c8f-4e3f-ae6e-9863c4c4c1fc,2
c17a505c-f143-49e4-8ddf-09388c49e4ed,2
c20ddf15-321c-46a6-baf5-565219e07773,1
c28bbadd-33d7-425c-b9da-f1b6075c8e5b,2
c432ec33-e2fd-4802-871c-d38204ec5d1b,2
c480f415-efa4-4c28-8493-41a2bc2fc60d,1
c6a8c384-f56f-4dae-9603-dfb4761696d1,3
c874ef0a-5fdb-4b49-b930-0188ccbcbd2c,1
c9ada1f1-072f-47b6-ae3c-98ab30e73854,2
ca220f53-9a29-49c1-bba0-07e32b800910,2
cbb5756f-50ce-4233-a71b-c90611ef0232,2
cc5fbf1e-29dd-4082-9bc5-22577e1d07e2,2
cc62bdb0-7c87-446e-bb27-b9df60a202b7,1
ce83eda1-ea97-47d1-8bfd-b8624b2e0b35,1
cf5c1f0e-2b73-48a7-a869-6d1d9ba06f36,2
d090eaa9-5334-45c2-8c49-0b3fde13c798,2
d0921e26-b59f-4862-be80-a6400bb7bb69,1
d09c819c-227e-46a4-9177-e82b1179d32e,1
d10d2dde-678b-47c8-8757-9d61e22748d3,1
d1a51b4b-a49b-44a3-8264-3cec1ee8e683,2
d2753521-aa18-46cb-a97c-df46957ace73,2
d2b91f23-6399-4dd9-9237-67f5fed2de32,3
d2f37638-1b67-4e69-9d52-123f69767b73,2
d30e1a80-eef1-444e-8b45-fe2040f55a50,1
d4b465d6-4e43-4f74-9f11-b9aef5b7551d,2
d56cb7c0-be57-4e07-9233-7a27068c4e5a,2
d791e6f2-da51-488b-b764-2c22536da804,2
d8710bd0-68a1-4cb6-830d-33fadadf1cf5,2
d9428335-a617-4d9a-b9fa-8c4dd3333c8c,1
d956efda-567a-4e4b-85df-e46552a246e3,2
d96437c0-de20-4566-a570-0eea3821b3ae,2
d97ece46-be02-43e3-a628-6a542848d9a0,2
da8fa258-48b5-441d-96b1-2b7130d5ae60,1
dab7a1f2-21e2-41dd-9ecc-18726571f2b3,2
dbd87f11-dad8-4897-bdd1-6c92d484cd60,1
dc729596-ce3e-4540-a149-f3ce968bec81,2
ddd824d8-0c67-4133-a3e7-c7c78b0a8943,2
e076ab3f-6cba-4c91-9f6b-a96dcf4d8535,1
e0a575ec-fae6-4274-a568-436f7bffad67,2
e156237a-dbaf-4cc1-9cbf-87b2285ab4df,2
e164de41-af36-4126-9014-bf7570c2ddfb,4
e2532e8e-b8b1-44a3-a9d7-2f87a359a0a9,2
e4944abc-ba19-4bae-b8ef-4c2d9b75b2ae,1
e4b87bae-aa37-4aff-bdf2-9a5cc89a84bf,2
e6297364-d8e0-4de3-8f35-aab47ba3a63b,2
e755e2ed-b670-413b-a79f-4fbbcec83cd0,2
e7741231-54f6-41d1-8169-e2a89a7b2ae1,2
e96015fe-c881-4a8a-b4f2-6107a5e3019f,2
e9745693-05a3-4900-9d74-0728f93169b7,1
e9d13bdc-e610-4fed-980f-fae7f68cd883,2
ea2c58ab-691f-4885-9e92-5a6e781201ca,2
ea2cc0fd-7cce-4590-ae70-ecec40d9be9a,2
ea473292-feac-4fc7-bf28-ee5a0dad416b,2
eb6aeb3e-2ab5-4506-8607-6473c2910029,2
ebe1d67c-57e1-409a-8ac3-7d77311c07b5,2
ed64da28-2950-4c67-86f7-227586a03dc5,1
ed958d6c-c6d9-4e35-a242-04e02f2363b9,1
eec11b99-fe19-4f2e-99fe-8ba5786ef837,2
ef04d796-55fa-4fa0-8aa3-60a18eb8809f,2
ef33674a-a4c9-47df-822d-96bce82a2457,1
ef88e61d-14be-403f-ada9-303f61af7dc0,4
efa4936a-7f65-4729-8d59-2802f7f2abfe,2
f0e96456-ef48-440f-a333-c59c77fd8739,4
f31363ed-139d-44ab-a7ed-a0760b45aa0e,2
f531518d-ea74-4d86-afa2-9e46da9141ce,2
f5cb2b42-31ff-4fab-9e0f-f7d8f30e8a02,2
f91f11de-a464-4993-83ec-16cb38b50293,1
fb466683-c015-42df-986e-0a26a65dbb36,1
fc1e14e0-d49e-48b4-becd-1abfe9847116,2
fc43334f-acbc-4367-b6b4-cc119d8fc876,1
fc5ea8fe-3d47-4992-a736-759c52ea08b3,1
fe198855-bbf2-48d1-9fb8-cce234e7a512,2
feab17bc-f746-40e1-b019-1dbee949e5e3,2
ff223d9a-7f9c-4b24-bc7c-6537c37afd91,1
ff82f662-7326-4d1d-8467-16d124168e77,3
